frame,track_id,label,x,y,width,height
15,1,pedestrian,518,398,51,33
16,1,pedestrian,514,389,56,43
17,1,pedestrian,515,379,56,53
18,1,pedestrian,518,373,53,59
19,1,pedestrian,520,364,52,68
20,1,pedestrian,522,356,52,76
21,1,pedestrian,524,347,51,85
22,1,pedestrian,523,338,54,94
23,1,pedestrian,523,331,55,101
24,1,pedestrian,520,324,59,108
25,1,pedestrian,519,318,60,113
26,1,pedestrian,522,310,57,122
27,1,pedestrian,527,302,53,101
28,1,pedestrian,532,294,49,96
29,1,pedestrian,535,290,47,100
30,1,pedestrian,535,285,48,104
31,1,pedestrian,535,279,50,107
32,1,pedestrian,538,273,50,103
33,1,pedestrian,542,266,48,91
34,1,pedestrian,545,259,48,98
35,1,pedestrian,544,256,50,100
36,1,pedestrian,543,252,52,103
37,1,pedestrian,543,245,54,105
38,1,pedestrian,550,240,49,101
39,1,pedestrian,556,235,46,92
40,1,pedestrian,558,231,47,89
41,1,pedestrian,557,227,51,94
42,1,pedestrian,557,223,55,97
43,1,pedestrian,561,219,55,96
44,1,pedestrian,567,215,53,87
45,1,pedestrian,578,210,47,87
46,1,pedestrian,585,206,45,92
47,1,pedestrian,585,203,50,94
48,1,pedestrian,586,200,54,97
49,1,pedestrian,591,196,52,99
50,1,pedestrian,600,192,44,94
51,1,pedestrian,607,186,42,92
52,1,pedestrian,607,183,47,87
53,1,pedestrian,605,180,52,90
54,1,pedestrian,606,179,55,91
55,1,pedestrian,610,176,57,92
56,1,pedestrian,621,173,51,83
57,1,pedestrian,632,167,45,88
58,1,pedestrian,639,165,45,90
59,1,pedestrian,640,163,49,92
60,1,pedestrian,640,162,54,93
61,1,pedestrian,647,158,50,96
62,1,pedestrian,658,156,40,88
63,1,pedestrian,663,152,40,87
64,1,pedestrian,663,149,44,84
65,1,pedestrian,662,146,49,87
66,1,pedestrian,663,145,52,87
67,1,pedestrian,668,143,56,86
68,1,pedestrian,676,140,50,82
69,1,pedestrian,688,137,44,83
70,1,pedestrian,693,134,43,87
71,1,pedestrian,694,134,50,88
72,1,pedestrian,695,132,55,89
73,1,pedestrian,701,131,49,88
74,1,pedestrian,708,105,59,106
75,1,pedestrian,707,105,60,102
76,1,pedestrian,707,106,56,97
76,2,pedestrian,708,127,49,75
77,1,pedestrian,708,103,59,100
78,1,pedestrian,708,104,59,98
79,1,pedestrian,718,104,49,93
80,1,pedestrian,713,104,54,90
80,2,pedestrian,729,104,38,90
81,1,pedestrian,737,103,30,90
82,1,pedestrian,741,106,26,87
83,1,pedestrian,742,108,25,85
84,1,pedestrian,742,107,25,85
172,3,pedestrian,79,364,185,65
173,3,pedestrian,87,352,181,77
175,3,pedestrian,90,329,183,102
199,4,car,102,138,149,186
200,4,car,95,133,154,185
201,4,car,89,130,156,180
202,4,car,82,126,160,178
203,4,car,74,123,165,173
204,4,car,67,120,167,170
205,4,car,58,118,172,165
206,4,car,50,116,175,161
207,4,car,41,114,179,158
208,4,car,33,112,181,156
209,4,car,24,111,184,153
210,4,car,15,110,187,149
211,4,car,5,109,190,146
212,4,car,0,108,189,143
213,4,car,0,107,182,140
214,4,car,0,105,175,139
215,4,car,0,105,167,137
216,4,car,0,104,159,134
217,4,car,0,102,152,134
218,4,car,0,101,143,133
219,4,car,0,101,136,131
220,4,car,0,101,127,130
221,4,car,0,101,119,128
222,4,car,0,102,111,125
223,4,car,0,102,104,125
224,4,car,0,103,96,123
225,4,car,0,105,88,120
226,4,car,0,106,79,118
227,4,car,0,107,71,116
228,4,car,0,109,62,114
229,4,car,0,109,54,114
230,4,car,0,111,47,110
309,5,pedestrian,513,0,37,45
322,6,bicycle,549,26,59,57
323,5,pedestrian,555,1,56,65
323,6,bicycle,554,28,61,58
324,5,pedestrian,588,4,27,46
324,6,bicycle,560,28,62,59
325,5,pedestrian,594,6,27,46
325,6,bicycle,565,30,64,58
325,7,pedestrian,590,6,32,62
326,5,pedestrian,596,6,31,58
326,6,bicycle,569,34,66,56
327,5,pedestrian,606,7,30,61
327,6,bicycle,574,36,68,56
328,5,pedestrian,612,8,31,56
328,6,bicycle,579,39,73,56
329,5,pedestrian,617,11,30,60
329,6,bicycle,584,40,74,56
330,5,pedestrian,624,14,29,55
330,6,bicycle,591,44,76,54
331,5,pedestrian,632,15,26,58
331,6,bicycle,597,43,78,56
332,5,pedestrian,636,16,31,57
332,6,bicycle,605,48,77,52
333,5,pedestrian,645,17,28,60
333,6,bicycle,610,49,80,52
334,5,pedestrian,651,18,29,63
334,6,bicycle,618,53,79,48
335,5,pedestrian,654,20,35,61
335,6,bicycle,625,55,78,47
336,5,pedestrian,665,23,29,54
336,6,bicycle,632,54,79,50
337,5,pedestrian,658,24,45,63
337,6,bicycle,640,54,79,50
338,5,pedestrian,672,25,36,61
338,6,bicycle,647,56,79,49
339,5,pedestrian,684,27,32,55
339,6,bicycle,655,56,77,50
340,5,pedestrian,685,27,37,60
340,6,bicycle,661,59,78,47
341,5,pedestrian,696,27,33,58
341,6,bicycle,669,59,77,47
342,5,pedestrian,704,29,32,57
342,6,bicycle,674,59,78,48
343,5,pedestrian,708,28,33,60
343,6,bicycle,682,59,77,49
344,5,pedestrian,718,28,31,56
344,6,bicycle,690,60,76,47
345,5,pedestrian,726,34,29,56
345,6,bicycle,696,61,71,47
346,5,pedestrian,729,32,32,60
346,6,bicycle,703,63,64,45
347,5,pedestrian,739,34,27,43
347,6,bicycle,711,66,56,41
348,5,pedestrian,746,32,21,52
348,6,bicycle,718,64,49,43
484,8,pedestrian,0,59,17,58
486,8,pedestrian,0,42,31,76
487,8,pedestrian,0,42,45,74
488,8,pedestrian,3,44,48,72
489,8,pedestrian,9,42,46,75
490,8,pedestrian,15,40,37,75
491,8,pedestrian,20,38,32,75
492,8,pedestrian,26,38,30,78
493,8,pedestrian,32,39,34,74
494,8,pedestrian,36,39,43,73
495,8,pedestrian,41,39,43,74
496,8,pedestrian,46,39,40,73
497,8,pedestrian,52,38,36,75
498,8,pedestrian,56,37,30,75
499,8,pedestrian,61,35,32,77
500,8,pedestrian,67,35,42,76
501,8,pedestrian,72,37,45,73
502,8,pedestrian,74,35,49,76
503,8,pedestrian,80,34,42,75
504,8,pedestrian,88,32,31,75
505,8,pedestrian,94,31,28,79
506,8,pedestrian,99,30,34,78
507,8,pedestrian,105,31,42,76
508,8,pedestrian,109,32,43,75
509,8,pedestrian,111,31,45,75
510,8,pedestrian,120,30,34,75
511,8,pedestrian,125,29,28,74
512,8,pedestrian,131,26,30,78
513,8,pedestrian,136,27,43,77
514,8,pedestrian,141,27,44,78
515,8,pedestrian,145,25,43,80
516,8,pedestrian,149,23,41,78
517,8,pedestrian,158,20,29,76
518,8,pedestrian,163,18,28,79
519,8,pedestrian,168,18,34,77
520,8,pedestrian,168,18,49,78
521,8,pedestrian,169,18,53,76
522,8,pedestrian,181,16,39,78
523,8,pedestrian,190,14,29,73
524,8,pedestrian,194,12,27,75
525,8,pedestrian,198,10,29,77
526,8,pedestrian,201,9,36,79
527,8,pedestrian,204,8,39,79
527,9,pedestrian,82,370,153,59
528,8,pedestrian,200,6,45,79
528,9,pedestrian,64,358,174,71
529,8,pedestrian,212,5,35,72
529,10,car,70,348,170,80
530,8,pedestrian,215,1,31,75
530,11,pedestrian,200,1,46,76
531,8,pedestrian,222,0,28,74
531,10,car,76,325,172,105
532,8,pedestrian,226,0,36,73
532,10,car,78,315,175,114
533,8,pedestrian,229,0,37,73
534,8,pedestrian,233,0,33,71
535,8,pedestrian,235,0,33,70
536,8,pedestrian,241,0,27,62
537,8,pedestrian,244,0,27,62
538,8,pedestrian,248,0,28,61
539,8,pedestrian,251,0,30,61
540,8,pedestrian,254,0,29,60
541,8,pedestrian,258,0,29,57
542,8,pedestrian,262,0,26,47
543,8,pedestrian,266,0,23,45
543,10,car,92,219,190,209
544,8,pedestrian,269,0,25,42
544,10,car,96,211,187,217
545,8,pedestrian,270,0,28,42
545,10,car,101,204,184,225
546,8,pedestrian,272,0,27,41
546,10,car,106,196,179,225
546,12,pedestrian,511,0,34,43
547,8,pedestrian,272,1,28,39
547,12,pedestrian,512,0,34,45
547,13,bus,112,189,174,223
548,8,pedestrian,274,0,26,36
548,10,car,117,180,170,219
549,10,car,123,175,164,211
551,10,car,131,159,155,204
552,10,car,136,151,148,199
552,12,pedestrian,519,0,41,58
553,10,car,141,144,141,194
554,13,bus,143,136,136,190
557,10,car,151,115,121,182
558,10,car,154,110,116,176
558,12,pedestrian,531,0,51,74
560,10,car,145,97,123,169
561,10,car,140,92,126,164
562,10,car,135,86,129,163
563,10,car,127,80,133,160
563,12,pedestrian,577,2,28,53
563,14,bicycle,549,26,61,60
564,10,car,119,76,139,156
564,12,pedestrian,585,4,25,49
565,10,car,111,73,144,149
565,12,pedestrian,590,3,25,52
565,14,bicycle,558,33,65,57
566,10,car,103,69,148,145
566,12,pedestrian,591,4,32,62
566,14,bicycle,561,36,69,55
567,10,car,93,66,153,140
567,12,pedestrian,596,7,33,59
567,14,bicycle,566,37,71,56
568,10,car,81,63,159,138
568,12,pedestrian,605,16,26,46
568,14,bicycle,571,39,74,55
568,15,pedestrian,602,8,34,66
569,10,car,71,62,164,133
569,12,pedestrian,610,10,29,63
569,14,bicycle,578,38,75,57
570,10,car,60,61,168,128
570,12,pedestrian,614,11,32,63
570,14,bicycle,582,41,78,56
571,10,car,48,58,172,126
571,12,pedestrian,622,12,29,63
571,14,bicycle,588,44,77,55
572,10,car,38,57,176,122
572,12,pedestrian,627,13,31,64
572,14,bicycle,596,47,77,52
573,10,car,25,55,181,121
573,12,pedestrian,632,15,32,58
573,14,bicycle,601,48,78,53
574,10,car,15,53,183,121
574,12,pedestrian,640,17,31,59
574,14,bicycle,607,50,79,51
575,10,car,2,53,188,117
575,12,pedestrian,645,18,32,61
575,14,bicycle,614,52,80,49
576,10,car,0,52,181,114
576,12,pedestrian,651,19,32,66
576,14,bicycle,620,54,80,47
577,10,car,0,51,173,113
577,12,pedestrian,642,21,48,63
577,14,bicycle,627,54,81,49
577,15,pedestrian,659,21,32,60
578,10,car,0,50,163,112
578,14,bicycle,634,55,78,48
579,10,car,0,50,154,110
579,12,pedestrian,670,31,29,56
579,14,bicycle,640,57,78,45
580,10,car,0,50,144,109
580,12,pedestrian,677,30,34,51
580,14,bicycle,646,59,77,44
581,10,car,0,51,135,106
581,12,pedestrian,680,25,33,61
581,14,bicycle,653,59,76,44
582,10,car,0,52,126,104
582,12,pedestrian,686,24,35,61
582,14,bicycle,659,60,76,44
583,10,car,0,53,116,102
583,12,pedestrian,694,25,33,57
583,14,bicycle,666,58,75,45
584,10,car,0,54,107,101
584,12,pedestrian,696,24,35,60
584,14,bicycle,671,56,77,48
585,10,car,0,55,96,99
585,12,pedestrian,704,25,34,62
585,14,bicycle,677,58,75,45
586,10,car,0,56,87,98
586,12,pedestrian,708,26,37,60
586,14,bicycle,683,56,75,48
587,10,car,0,57,77,97
587,12,pedestrian,715,27,34,56
587,14,bicycle,690,57,76,47
588,10,car,0,58,67,98
588,12,pedestrian,726,27,31,58
588,14,bicycle,696,58,71,46
589,10,car,0,61,57,94
589,12,pedestrian,730,27,32,57
589,14,bicycle,702,64,65,41
590,10,car,0,62,48,92
590,12,pedestrian,739,32,23,44
590,14,bicycle,709,65,58,40
590,15,pedestrian,737,28,30,53
591,12,pedestrian,742,32,25,46
591,14,bicycle,715,64,52,40
592,12,pedestrian,747,32,20,45
592,14,bicycle,721,60,46,43
